month,bilibili,reddit,v2ex,zhihu
2023-02,,,,0.06169345367463982
2023-03,0.21689798043171146,,0.4041336502553891,0.07948946901908062
2023-04,0.22614618153356542,,0.9993407143430031,
2023-05,0.07615492584399178,,,
2023-06,-0.07171581961023506,,,
2023-07,-0.023650363113686512,,,
2023-08,0.7186951455403987,,,0.11836772569325811
2023-09,-0.07741258253444198,,,0.7535525076852129
2023-10,-0.10953888339890949,,,0.2286842464492093
2023-11,0.9168127330117825,,,-0.10064194313798903
2023-12,,,,-0.014619013017619809
2024-01,-0.9665509629855873,,,0.37235734381787
2024-02,0.09230235936673248,,,
2024-03,-0.885332616432605,0.11946886792452831,,
2024-04,-0.6290894760133561,0.03260000000000002,,
2024-05,0.4011351404400701,-0.6808,,0.6966343968508839
2024-06,0.2149746465295635,,,0.3159176950488695
2024-07,0.2772170819501223,,,0.5341696919402394
2024-08,0.016724146790910055,,,0.9873018015488602
2024-09,0.24400731110104276,,,-0.24028838623383142
2024-10,0.2047657561077708,,,-0.09394913931852811
2024-11,0.08822610547081884,,,
2024-12,-0.04860980484636757,,0.11882994232850055,0.8217789947264743
2025-01,0.3531835459358788,,0.1311595893176147,
2025-02,0.19608443658164512,,0.11472629354989665,0.932863408965156
2025-03,0.34528878524174267,,,
2025-04,0.4229088795952175,,0.03216596040616896,
2025-05,0.12686807817394183,0.1523621052631579,,
2025-06,0.24644645050997144,0.36956491228070176,,
2025-07,0.10928297452698862,0.18093115577889446,,
2025-08,0.5721188481560919,0.642925,,-0.48304231007925813
2025-09,0.2424163530766114,0.04143738317757009,-0.38663807702672615,0.04298322830407311
2025-10,0.19494344222320417,0.2413505649717514,,0.085404348362905
2025-11,0.2024138713626545,0.21115384615384616,,0.25782838785670276
2025-12,0.5608576786755772,-0.296,,
