platform,Negative,Neutral,Positive
bilibili,0.3002577319587629,0.1254295532646048,0.5743127147766323
reddit,0.21356553620531624,0.2887259395050413,0.4977085242896425
v2ex,0.34829931972789113,0.11700680272108843,0.5346938775510204
zhihu,0.35918367346938773,0.1510204081632653,0.4897959183673469
